image,lowRatio,highRatio,P,R,F1,ms
157036,0.5,1.5,0.303622,0.850431,0.447483,2.28179
157036,0.55,1.6,0.318199,0.837186,0.461131,2.67238
157036,0.6,1.7,0.337054,0.828127,0.479108,2.47733
157036,0.6,1.8,0.346479,0.812383,0.485776,1.75979
157036,0.65,1.85,0.356713,0.803261,0.494034,1.96429
157036,0.7,1.9,0.372919,0.792015,0.50708,1.55908
187029,0.5,1.5,0.378043,0.672814,0.484086,0.792292
187029,0.55,1.6,0.39645,0.657153,0.494548,0.463417
187029,0.6,1.7,0.414717,0.631833,0.500754,1.40387
187029,0.6,1.8,0.446463,0.624003,0.52051,0.541417
187029,0.65,1.85,0.468313,0.60783,0.529028,0.991
187029,0.7,1.9,0.470472,0.59056,0.52372,0.383833
71046,0.5,1.5,0.514591,0.91145,0.657799,1.02792
71046,0.55,1.6,0.53964,0.897103,0.673903,0.548
71046,0.6,1.7,0.556533,0.860242,0.675835,0.676583
71046,0.6,1.8,0.55866,0.843973,0.672299,0.611375
71046,0.65,1.85,0.574695,0.819399,0.675571,0.477625
71046,0.7,1.9,0.597597,0.802169,0.684934,0.571916
299091,0.5,1.5,0.391903,0.343633,0.366184,0.442917
299091,0.55,1.6,0.405276,0.308778,0.350507,0.405834
299091,0.6,1.7,0.470641,0.280231,0.351293,0.322041
299091,0.6,1.8,0.49886,0.257351,0.33954,0.288042
299091,0.65,1.85,0.538123,0.248263,0.339772,0.286417
299091,0.7,1.9,0.573206,0.231477,0.329779,0.286875
242078,0.5,1.5,0.803992,0.712056,0.755236,0.872291
242078,0.55,1.6,0.833468,0.686503,0.752881,0.830834
242078,0.6,1.7,0.851103,0.666789,0.747755,1.16892
242078,0.6,1.8,0.868995,0.656515,0.747957,0.545
242078,0.65,1.85,0.880187,0.633965,0.737056,0.668708
242078,0.7,1.9,0.881329,0.626526,0.732399,0.574167
232038,0.5,1.5,0.521945,0.77865,0.624964,0.792666
232038,0.55,1.6,0.541904,0.763853,0.634015,0.479125
232038,0.6,1.7,0.563076,0.72809,0.635038,0.410541
232038,0.6,1.8,0.562062,0.716408,0.629918,0.817167
232038,0.65,1.85,0.573589,0.699934,0.630494,0.429042
232038,0.7,1.9,0.577268,0.667525,0.619124,0.391375
173036,0.5,1.5,0.250033,0.719615,0.37112,0.664917
173036,0.55,1.6,0.259149,0.691231,0.376969,0.569917
173036,0.6,1.7,0.271703,0.667846,0.386262,0.616875
173036,0.6,1.8,0.282077,0.666462,0.396386,0.640458
173036,0.65,1.85,0.285461,0.644154,0.395606,0.501958
173036,0.7,1.9,0.28875,0.612462,0.392468,0.504416
198054,0.5,1.5,0.276135,0.941812,0.427059,0.680125
198054,0.55,1.6,0.280034,0.923828,0.429789,0.5865
198054,0.6,1.7,0.281006,0.889209,0.427055,0.81425
198054,0.6,1.8,0.283409,0.878652,0.42858,0.683667
198054,0.65,1.85,0.285909,0.849619,0.427843,0.746958
198054,0.7,1.9,0.290646,0.839737,0.431829,0.604208
388016,0.5,1.5,0.593429,0.753174,0.663826,0.501083
388016,0.55,1.6,0.624682,0.727094,0.672009,0.526917
388016,0.6,1.7,0.657895,0.689833,0.673485,0.550125
388016,0.6,1.8,0.672484,0.670841,0.671662,0.5335
388016,0.65,1.85,0.705004,0.646207,0.674326,0.573541
388016,0.7,1.9,0.729752,0.605746,0.661992,0.4565
292066,0.5,1.5,0.265857,0.738372,0.39095,0.688125
292066,0.55,1.6,0.275053,0.700904,0.39507,0.619791
292066,0.6,1.7,0.278809,0.655814,0.391274,0.526459
292066,0.6,1.8,0.28934,0.642119,0.398924,0.555125
292066,0.65,1.85,0.301581,0.592894,0.3998,10.4344
292066,0.7,1.9,0.311103,0.573773,0.403452,1.46412
189011,0.5,1.5,0.626321,0.47673,0.541382,0.682333
189011,0.55,1.6,0.655798,0.445861,0.530827,0.576333
189011,0.6,1.7,0.667633,0.384244,0.487764,0.392625
189011,0.6,1.8,0.693422,0.379417,0.490467,0.331917
189011,0.65,1.85,0.698786,0.363447,0.478184,0.322167
189011,0.7,1.9,0.712688,0.338061,0.458591,0.307333
59078,0.5,1.5,0.379665,0.86513,0.527733,0.57475
59078,0.55,1.6,0.381267,0.847123,0.52586,0.5315
59078,0.6,1.7,0.385459,0.832213,0.526881,0.447042
59078,0.6,1.8,0.387326,0.816621,0.525436,0.549917
59078,0.65,1.85,0.388076,0.803759,0.523428,0.432667
59078,0.7,1.9,0.391327,0.793522,0.524162,0.472584
108041,0.5,1.5,0.271376,0.778478,0.402456,0.817292
108041,0.55,1.6,0.277867,0.735145,0.403297,0.581459
108041,0.6,1.7,0.282488,0.689079,0.400706,0.513833
108041,0.6,1.8,0.289713,0.658268,0.402347,0.469708
108041,0.65,1.85,0.293375,0.643925,0.403097,0.448
108041,0.7,1.9,0.291519,0.60985,0.394473,0.467625
66075,0.5,1.5,0.478061,0.647141,0.549897,0.307834
66075,0.55,1.6,0.504057,0.631083,0.560463,0.318
66075,0.6,1.7,0.509988,0.602409,0.552359,0.269291
66075,0.6,1.8,0.528569,0.577503,0.551954,0.272
66075,0.65,1.85,0.557975,0.548009,0.552947,0.295292
66075,0.7,1.9,0.572031,0.533508,0.552098,0.2445
20008,0.5,1.5,0.38224,0.630523,0.475948,0.374416
20008,0.55,1.6,0.389352,0.613034,0.476236,0.549084
20008,0.6,1.7,0.385595,0.575908,0.461917,0.517459
20008,0.6,1.8,0.395485,0.566581,0.465819,0.478458
20008,0.65,1.85,0.40147,0.54633,0.46283,0.544
20008,0.7,1.9,0.398556,0.504602,0.445353,0.408875
370036,0.5,1.5,0.752865,0.802197,0.776748,0.465584
370036,0.55,1.6,0.778083,0.766117,0.772054,0.522875
370036,0.6,1.7,0.798837,0.725602,0.76046,0.424
370036,0.6,1.8,0.805302,0.695649,0.74647,0.507625
370036,0.65,1.85,0.819348,0.655513,0.728331,0.449084
370036,0.7,1.9,0.824864,0.617237,0.706104,0.420209
41025,0.5,1.5,0.224512,0.906543,0.359893,0.991458
41025,0.55,1.6,0.235264,0.897082,0.372768,0.567375
41025,0.6,1.7,0.244697,0.883938,0.383289,0.58525
41025,0.6,1.8,0.248774,0.872237,0.387133,0.705833
41025,0.65,1.85,0.259758,0.858876,0.39888,0.534375
41025,0.7,1.9,0.272381,0.846021,0.412088,0.506541
207056,0.5,1.5,0.187919,0.949761,0.313759,0.616542
207056,0.55,1.6,0.221073,0.922019,0.356636,0.504
207056,0.6,1.7,0.249005,0.88262,0.388427,1.25954
207056,0.6,1.8,0.283695,0.846952,0.425024,0.540583
207056,0.65,1.85,0.307594,0.839958,0.450291,0.441542
207056,0.7,1.9,0.343073,0.814314,0.482759,0.551625
314016,0.5,1.5,0.314517,0.904786,0.466776,0.509584
314016,0.55,1.6,0.35307,0.882802,0.504407,0.459417
314016,0.6,1.7,0.393698,0.856494,0.539438,0.451083
314016,0.6,1.8,0.41155,0.838763,0.552171,0.403291
314016,0.65,1.85,0.420655,0.786795,0.548212,0.471167
314016,0.7,1.9,0.464517,0.749676,0.573611,0.365084
188091,0.5,1.5,0.573597,0.840799,0.681959,0.354209
188091,0.55,1.6,0.608234,0.809354,0.694527,0.328042
188091,0.6,1.7,0.624279,0.770889,0.689881,0.236167
188091,0.6,1.8,0.636963,0.744982,0.686751,0.240292
188091,0.65,1.85,0.657674,0.713537,0.684468,0.269375
188091,0.7,1.9,0.691142,0.699001,0.695049,0.223042
56028,0.5,1.5,0.470957,0.805085,0.594276,0.712833
56028,0.55,1.6,0.490738,0.793009,0.606287,0.6705
56028,0.6,1.7,0.510575,0.782316,0.617888,0.553583
56028,0.6,1.8,0.523237,0.778461,0.625828,0.612834
56028,0.65,1.85,0.543322,0.774096,0.638496,0.668167
56028,0.7,1.9,0.564814,0.767986,0.650914,0.527375
134008,0.5,1.5,0.196805,0.948851,0.325994,0.73375
134008,0.55,1.6,0.219523,0.935302,0.355586,0.492417
134008,0.6,1.7,0.248348,0.909728,0.39018,0.385291
134008,0.6,1.8,0.267552,0.901507,0.41264,0.531458
134008,0.65,1.85,0.27461,0.870148,0.41747,0.454791
134008,0.7,1.9,0.289161,0.862993,0.433178,0.558833
153093,0.5,1.5,0.64802,0.748462,0.694629,0.47975
153093,0.55,1.6,0.661482,0.728768,0.693496,0.609459
153093,0.6,1.7,0.672637,0.70852,0.690112,0.46475
153093,0.6,1.8,0.678652,0.692558,0.685534,1.71671
153093,0.65,1.85,0.68331,0.685647,0.684476,0.415167
153093,0.7,1.9,0.691156,0.671239,0.681052,0.422625
54005,0.5,1.5,0.294217,0.929543,0.446962,0.547417
54005,0.55,1.6,0.3109,0.924743,0.46535,0.493666
54005,0.6,1.7,0.330317,0.914811,0.485376,0.601583
54005,0.6,1.8,0.343965,0.908612,0.499021,0.441416
54005,0.65,1.85,0.352465,0.904679,0.507289,0.645917
54005,0.7,1.9,0.36857,0.89988,0.522952,0.432542
65019,0.5,1.5,0.565726,0.653915,0.606632,0.390291
65019,0.55,1.6,0.564756,0.642758,0.601238,0.395667
65019,0.6,1.7,0.564681,0.635067,0.597809,0.391417
65019,0.6,1.8,0.563717,0.628771,0.594469,0.38825
65019,0.65,1.85,0.564454,0.626061,0.593663,1.35387
65019,0.7,1.9,0.566725,0.624108,0.594034,0.459542
176039,0.5,1.5,0.172993,0.856577,0.287852,0.542459
176039,0.55,1.6,0.176355,0.83851,0.291419,0.505375
176039,0.6,1.7,0.178705,0.833597,0.294315,0.791708
176039,0.6,1.8,0.180134,0.824564,0.295675,0.426333
176039,0.65,1.85,0.178784,0.804754,0.292571,0.497709
176039,0.7,1.9,0.180441,0.79271,0.293967,0.603375
187003,0.5,1.5,0.341106,0.830993,0.483673,0.830958
187003,0.55,1.6,0.352471,0.801977,0.489712,0.44775
187003,0.6,1.7,0.355881,0.773137,0.487405,0.57525
187003,0.6,1.8,0.356697,0.756172,0.484737,0.531416
187003,0.65,1.85,0.358994,0.731134,0.481544,0.43225
187003,0.7,1.9,0.361345,0.712121,0.479422,0.560208
61086,0.5,1.5,0.309241,0.855388,0.454258,0.652792
61086,0.55,1.6,0.318779,0.837942,0.461855,0.539833
61086,0.6,1.7,0.327884,0.824648,0.469208,0.704667
61086,0.6,1.8,0.330282,0.817748,0.470524,0.566708
61086,0.65,1.85,0.335076,0.808998,0.473878,0.664708
61086,0.7,1.9,0.340614,0.790767,0.476137,0.372708
147021,0.5,1.5,0.233544,0.81389,0.362943,1.68504
147021,0.55,1.6,0.243851,0.794475,0.373165,0.510708
147021,0.6,1.7,0.258736,0.777027,0.388206,0.874
147021,0.6,1.8,0.271336,0.755388,0.399259,0.434208
147021,0.65,1.85,0.279943,0.745638,0.40706,0.645833
147021,0.7,1.9,0.287399,0.741875,0.4143,0.638584
353013,0.5,1.5,0.281521,0.825414,0.419847,0.856334
353013,0.55,1.6,0.288426,0.817777,0.426446,1.13779
353013,0.6,1.7,0.291046,0.808867,0.428066,0.828541
353013,0.6,1.8,0.296247,0.806039,0.433257,0.705709
353013,0.65,1.85,0.298585,0.783411,0.432377,0.679625
353013,0.7,1.9,0.305564,0.77238,0.437892,0.522959
317080,0.5,1.5,0.380053,0.973787,0.546727,0.66325
317080,0.55,1.6,0.39347,0.9683,0.559562,0.720541
317080,0.6,1.7,0.406093,0.96129,0.570979,1.16254
317080,0.6,1.8,0.419064,0.954645,0.582448,0.694917
317080,0.65,1.85,0.427936,0.932882,0.586726,0.683125
317080,0.7,1.9,0.440136,0.92642,0.596756,0.517292
28096,0.5,1.5,0.267622,0.736179,0.392544,0.544125
28096,0.55,1.6,0.295711,0.669919,0.410307,0.499583
28096,0.6,1.7,0.314536,0.612195,0.415563,0.322458
28096,0.6,1.8,0.356128,0.60122,0.447301,0.336125
28096,0.65,1.85,0.339209,0.51626,0.409413,0.393167
28096,0.7,1.9,0.339172,0.495935,0.40284,0.332792
35010,0.5,1.5,0.693829,0.813952,0.749105,0.994125
35010,0.55,1.6,0.704529,0.797417,0.748101,0.785666
35010,0.6,1.7,0.706878,0.77493,0.739342,0.532459
35010,0.6,1.8,0.708701,0.767558,0.736957,0.511834
35010,0.65,1.85,0.724578,0.746458,0.735355,0.455541
35010,0.7,1.9,0.732185,0.721266,0.726684,0.437291
151087,0.5,1.5,0.334413,0.743963,0.461417,0.7355
151087,0.55,1.6,0.341998,0.71851,0.463417,0.440833
151087,0.6,1.7,0.357005,0.69635,0.472016,0.568459
151087,0.6,1.8,0.363351,0.683178,0.474394,3.16521
151087,0.65,1.85,0.371088,0.66781,0.477075,0.415041
151087,0.7,1.9,0.382407,0.659715,0.484165,0.539208
254033,0.5,1.5,0.183797,0.855167,0.302565,0.67175
254033,0.55,1.6,0.18653,0.840086,0.305278,0.62125
254033,0.6,1.7,0.192231,0.835981,0.312584,0.68825
254033,0.6,1.8,0.193752,0.814653,0.31305,0.602125
254033,0.65,1.85,0.195577,0.796359,0.314032,0.494417
254033,0.7,1.9,0.197824,0.767535,0.314571,0.503041
189003,0.5,1.5,0.454243,0.796953,0.578662,0.532
189003,0.55,1.6,0.460156,0.783027,0.579664,0.452166
189003,0.6,1.7,0.476318,0.76779,0.587911,0.469125
189003,0.6,1.8,0.481936,0.755448,0.588463,0.45725
189003,0.65,1.85,0.487427,0.7389,0.58738,0.4835
189003,0.7,1.9,0.500262,0.728797,0.593282,0.414916
144067,0.5,1.5,0.273589,0.783094,0.405506,0.681416
144067,0.55,1.6,0.277978,0.76378,0.407607,0.50275
144067,0.6,1.7,0.282464,0.749377,0.41028,0.554916
144067,0.6,1.8,0.281703,0.727909,0.406204,0.512584
144067,0.65,1.85,0.281884,0.708931,0.403377,0.636209
144067,0.7,1.9,0.287511,0.689414,0.405791,0.565292
33066,0.5,1.5,0.590479,0.741161,0.657295,0.544208
33066,0.55,1.6,0.608017,0.703078,0.652101,0.50375
33066,0.6,1.7,0.635613,0.667242,0.651043,0.462583
33066,0.6,1.8,0.651951,0.652474,0.652212,0.405625
33066,0.65,1.85,0.674284,0.634696,0.653891,0.478584
33066,0.7,1.9,0.69796,0.620571,0.656994,0.544833
138032,0.5,1.5,0.210153,0.955921,0.344557,0.64725
138032,0.55,1.6,0.215785,0.949267,0.351636,0.7245
138032,0.6,1.7,0.221964,0.93746,0.358941,0.76075
138032,0.6,1.8,0.22591,0.923506,0.363018,0.809875
138032,0.65,1.85,0.229795,0.911055,0.367017,0.619417
138032,0.7,1.9,0.233505,0.903327,0.371087,0.646625
15088,0.5,1.5,0.176459,0.809829,0.289776,0.413334
15088,0.55,1.6,0.198382,0.789494,0.317087,0.347459
15088,0.6,1.7,0.241972,0.742045,0.364941,0.339625
15088,0.6,1.8,0.250811,0.742045,0.374905,0.431708
15088,0.65,1.85,0.258127,0.73263,0.381751,0.396334
15088,0.7,1.9,0.263506,0.720015,0.385814,0.347666
249061,0.5,1.5,0.454839,0.733165,0.561399,0.389209
249061,0.55,1.6,0.451042,0.661377,0.536325,0.477958
249061,0.6,1.7,0.463618,0.649454,0.541023,0.350458
249061,0.6,1.8,0.463618,0.649454,0.541023,0.451458
249061,0.65,1.85,0.464948,0.631486,0.535569,0.412
249061,0.7,1.9,0.468293,0.610747,0.530117,0.397375
68077,0.5,1.5,0.505014,0.786417,0.615057,0.591125
68077,0.55,1.6,0.536081,0.761417,0.629182,0.493083
68077,0.6,1.7,0.559352,0.735892,0.635591,0.489459
68077,0.6,1.8,0.564921,0.700591,0.625483,0.766
68077,0.65,1.85,0.58872,0.689698,0.635221,0.463208
68077,0.7,1.9,0.600804,0.676969,0.636616,0.348625
368078,0.5,1.5,0.502321,0.888394,0.641769,0.618542
368078,0.55,1.6,0.518504,0.867611,0.649094,0.464833
368078,0.6,1.7,0.533994,0.843779,0.65406,0.454333
368078,0.6,1.8,0.550718,0.829049,0.661811,0.54125
368078,0.65,1.85,0.568561,0.815819,0.670109,0.54925
368078,0.7,1.9,0.581617,0.805686,0.675557,0.62525
187039,0.5,1.5,0.167833,0.975268,0.286383,0.676208
187039,0.55,1.6,0.179694,0.959907,0.302719,0.714792
187039,0.6,1.7,0.191838,0.950923,0.319267,0.784666
187039,0.6,1.8,0.199161,0.940489,0.328713,0.596792
187039,0.65,1.85,0.206842,0.928123,0.338293,0.661625
187039,0.7,1.9,0.2105,0.908704,0.341819,0.544709
87065,0.5,1.5,0.287242,0.983409,0.444616,0.859125
87065,0.55,1.6,0.291267,0.974388,0.448475,0.689917
87065,0.6,1.7,0.298373,0.966974,0.456031,0.675166
87065,0.6,1.8,0.302124,0.961479,0.459774,0.676291
87065,0.65,1.85,0.30704,0.956761,0.464889,0.612125
87065,0.7,1.9,0.310475,0.949243,0.467908,0.942834
216066,0.5,1.5,0.271923,0.938838,0.421704,0.650583
216066,0.55,1.6,0.292274,0.924734,0.444165,0.623584
216066,0.6,1.7,0.307168,0.907442,0.458974,0.563583
216066,0.6,1.8,0.318008,0.889227,0.468478,0.970583
216066,0.65,1.85,0.332897,0.865273,0.480811,0.670125
216066,0.7,1.9,0.344846,0.835719,0.488231,0.682459
43083,0.5,1.5,0.388857,0.945886,0.551139,1.19379
43083,0.55,1.6,0.40412,0.940927,0.565404,0.700166
43083,0.6,1.7,0.419282,0.932913,0.578546,0.71925
43083,0.6,1.8,0.426287,0.928628,0.584335,0.6695
43083,0.65,1.85,0.436363,0.925891,0.593171,0.663333
43083,0.7,1.9,0.452093,0.921011,0.606484,0.621
372047,0.5,1.5,0.545085,0.896318,0.677908,0.459917
372047,0.55,1.6,0.55168,0.873437,0.676236,0.676417
372047,0.6,1.7,0.561758,0.852075,0.677109,0.885083
372047,0.6,1.8,0.576697,0.834448,0.682033,0.788084
372047,0.65,1.85,0.58187,0.827154,0.683162,1.24129
372047,0.7,1.9,0.584181,0.817428,0.681397,23.8708
227046,0.5,1.5,0.385239,0.80197,0.520465,0.60825
227046,0.55,1.6,0.400607,0.767878,0.526524,0.608959
227046,0.6,1.7,0.426288,0.742037,0.541496,0.570625
227046,0.6,1.8,0.443139,0.721313,0.549,0.555708
227046,0.65,1.85,0.45861,0.71191,0.557853,3.39683
227046,0.7,1.9,0.47879,0.681527,0.562447,0.6895
15004,0.5,1.5,0.50572,0.828948,0.628195,1.34979
15004,0.55,1.6,0.508979,0.802899,0.623013,1.38213
15004,0.6,1.7,0.516311,0.791641,0.624997,0.621084
15004,0.6,1.8,0.520778,0.781142,0.624926,0.819667
15004,0.65,1.85,0.526566,0.767605,0.624639,0.7335
15004,0.7,1.9,0.532568,0.754762,0.62449,1.08333
236017,0.5,1.5,0.303494,0.934149,0.458142,0.699042
236017,0.55,1.6,0.319898,0.913407,0.473844,0.669833
236017,0.6,1.7,0.327869,0.879122,0.477613,0.766125
236017,0.6,1.8,0.329956,0.849217,0.475255,0.718791
236017,0.65,1.85,0.339269,0.827821,0.481289,0.61
236017,0.7,1.9,0.350728,0.802598,0.488142,0.576792
310007,0.5,1.5,0.360251,0.84647,0.505405,0.379459
310007,0.55,1.6,0.382368,0.835486,0.524632,0.347791
310007,0.6,1.7,0.400818,0.82752,0.540055,0.302334
310007,0.6,1.8,0.400818,0.82752,0.540055,0.314583
310007,0.65,1.85,0.418381,0.817622,0.553522,0.325625
310007,0.7,1.9,0.438888,0.794448,0.565415,0.313333
198023,0.5,1.5,0.172572,0.722805,0.278622,0.634958
198023,0.55,1.6,0.172751,0.715763,0.278327,0.628959
198023,0.6,1.7,0.172699,0.712391,0.278004,0.584625
198023,0.6,1.8,0.172716,0.710518,0.277883,0.632667
198023,0.65,1.85,0.172283,0.701304,0.276613,0.588583
198023,0.7,1.9,0.172329,0.70003,0.276572,0.589
22093,0.5,1.5,0.536678,0.811265,0.646004,0.483
22093,0.55,1.6,0.587207,0.792049,0.674417,0.45275
22093,0.6,1.7,0.624486,0.767391,0.688602,0.488625
22093,0.6,1.8,0.63537,0.760675,0.692399,0.478333
22093,0.65,1.85,0.647757,0.751753,0.695891,0.455208
22093,0.7,1.9,0.667728,0.74033,0.702157,0.416417
106025,0.5,1.5,0.49158,0.323309,0.390071,0.285666
106025,0.55,1.6,0.571652,0.307045,0.399507,0.298625
106025,0.6,1.7,0.62813,0.293656,0.40021,0.230125
106025,0.6,1.8,0.659424,0.261689,0.374686,0.232875
106025,0.65,1.85,0.67444,0.259516,0.37481,0.270333
106025,0.7,1.9,0.721262,0.251595,0.373058,0.193042
202012,0.5,1.5,0.275386,0.984815,0.430414,0.732833
202012,0.55,1.6,0.282349,0.981345,0.438527,0.735625
202012,0.6,1.7,0.291576,0.978822,0.44931,0.77
202012,0.6,1.8,0.29631,0.972108,0.45418,1.27729
202012,0.65,1.85,0.30346,0.963817,0.461588,0.935833
202012,0.7,1.9,0.313915,0.958365,0.472923,0.961375
159045,0.5,1.5,0.435355,0.959643,0.598976,0.921333
159045,0.55,1.6,0.449256,0.946256,0.609255,0.915917
159045,0.6,1.7,0.461546,0.928604,0.616615,1.13642
159045,0.6,1.8,0.469351,0.918728,0.621299,0.917292
159045,0.65,1.85,0.483678,0.903734,0.630117,0.85725
159045,0.7,1.9,0.494883,0.883687,0.634457,0.867416
376020,0.5,1.5,0.326182,0.810011,0.465081,0.54325
376020,0.55,1.6,0.337582,0.7819,0.471567,0.554792
376020,0.6,1.7,0.354224,0.738462,0.478785,0.523292
376020,0.6,1.8,0.363552,0.71086,0.481072,0.527625
376020,0.65,1.85,0.377547,0.687443,0.487408,0.498042
376020,0.7,1.9,0.388066,0.657692,0.48812,0.465791
124084,0.5,1.5,0.597473,0.930701,0.727756,0.550416
124084,0.55,1.6,0.612781,0.916707,0.734547,0.841375
124084,0.6,1.7,0.64141,0.900271,0.749108,0.460625
124084,0.6,1.8,0.655742,0.879925,0.75147,0.673541
124084,0.65,1.85,0.664448,0.869353,0.753214,0.491417
124084,0.7,1.9,0.67553,0.862245,0.757552,0.438583
254054,0.5,1.5,0.208177,0.927814,0.340054,0.735083
254054,0.55,1.6,0.216294,0.911765,0.349644,0.78275
254054,0.6,1.7,0.220908,0.869354,0.352295,0.713292
254054,0.6,1.8,0.215802,0.808279,0.340653,0.605875
254054,0.65,1.85,0.224805,0.78809,0.349822,0.957542
254054,0.7,1.9,0.229262,0.750472,0.351228,0.605042
25098,0.5,1.5,0.615685,0.808322,0.698974,0.667125
25098,0.55,1.6,0.624954,0.788002,0.69707,10.3353
25098,0.6,1.7,0.641139,0.76463,0.69746,0.548709
25098,0.6,1.8,0.653272,0.754685,0.700326,0.5465
25098,0.65,1.85,0.666656,0.741976,0.702302,0.514209
25098,0.7,1.9,0.681603,0.732354,0.706068,0.518667
8049,0.5,1.5,0.664066,0.73211,0.69643,0.4415
8049,0.55,1.6,0.673765,0.70565,0.689339,0.396417
8049,0.6,1.7,0.680989,0.677626,0.679304,0.445333
8049,0.6,1.8,0.687071,0.67203,0.679467,0.426625
8049,0.65,1.85,0.699178,0.658121,0.678029,0.3575
8049,0.7,1.9,0.705634,0.647298,0.675209,0.398667
104022,0.5,1.5,0.486055,0.799824,0.604658,0.610791
104022,0.55,1.6,0.516392,0.755852,0.613586,0.692916
104022,0.6,1.7,0.557177,0.711796,0.625067,0.467834
104022,0.6,1.8,0.569945,0.676935,0.61885,0.445917
104022,0.65,1.85,0.617754,0.654782,0.635729,0.45225
104022,0.7,1.9,0.641039,0.626275,0.633571,0.44775
238011,0.5,1.5,0.983157,0.612229,0.754572,0.23625
238011,0.55,1.6,0.986039,0.605689,0.75042,0.251042
238011,0.6,1.7,0.986045,0.597236,0.7439,0.249333
238011,0.6,1.8,0.985979,0.594398,0.741676,0.232875
238011,0.65,1.85,0.990166,0.590141,0.739524,0.214667
238011,0.7,1.9,0.990539,0.587796,0.737784,0.247375
285036,0.5,1.5,0.570617,0.683539,0.621994,0.43225
285036,0.55,1.6,0.593862,0.663785,0.626879,0.39125
285036,0.6,1.7,0.624234,0.637224,0.630662,0.438459
285036,0.6,1.8,0.641723,0.625958,0.633743,0.445625
285036,0.65,1.85,0.652196,0.614106,0.632578,0.391958
285036,0.7,1.9,0.660729,0.607925,0.633228,0.38225
65132,0.5,1.5,0.298315,0.741089,0.425394,0.688125
65132,0.55,1.6,0.305497,0.729461,0.430642,0.580792
65132,0.6,1.7,0.300309,0.673391,0.415375,0.680125
65132,0.6,1.8,0.30068,0.657061,0.412565,0.628208
65132,0.65,1.85,0.304719,0.639618,0.412784,0.528375
65132,0.7,1.9,0.308535,0.624855,0.413096,0.589583
326038,0.5,1.5,0.153132,0.908844,0.262103,0.730625
326038,0.55,1.6,0.175473,0.899438,0.293657,0.605459
326038,0.6,1.7,0.190421,0.888673,0.313637,0.625708
326038,0.6,1.8,0.202879,0.880237,0.329755,0.579
326038,0.65,1.85,0.218771,0.869569,0.349591,0.575042
326038,0.7,1.9,0.235336,0.858708,0.369428,0.526875
22090,0.5,1.5,0.780093,0.594109,0.674516,0.306625
22090,0.55,1.6,0.780248,0.568501,0.657753,0.343458
22090,0.6,1.7,0.774919,0.518715,0.621447,0.348583
22090,0.6,1.8,0.776672,0.507466,0.613851,0.275084
22090,0.65,1.85,0.793515,0.48153,0.599353,0.276625
22090,0.7,1.9,0.796928,0.469094,0.590565,0.28725
159091,0.5,1.5,0.26208,0.854755,0.401159,0.832417
159091,0.55,1.6,0.272759,0.840491,0.41186,0.620333
159091,0.6,1.7,0.29664,0.825997,0.436515,0.588375
159091,0.6,1.8,0.301191,0.801227,0.437805,0.703416
159091,0.65,1.85,0.315666,0.775537,0.448699,0.565709
159091,0.7,1.9,0.33191,0.76296,0.462583,0.534959
76002,0.5,1.5,0.470975,0.883888,0.614511,0.558625
76002,0.55,1.6,0.501289,0.869872,0.636041,0.573458
76002,0.6,1.7,0.532138,0.851059,0.654832,0.462834
76002,0.6,1.8,0.565045,0.837745,0.674889,0.502
76002,0.65,1.85,0.598285,0.827233,0.694373,0.400834
76002,0.7,1.9,0.611711,0.816021,0.699247,0.444541
227040,0.5,1.5,0.535962,0.735817,0.620186,0.524375
227040,0.55,1.6,0.575721,0.715146,0.637904,0.437709
227040,0.6,1.7,0.616611,0.701614,0.656372,0.400458
227040,0.6,1.8,0.649795,0.684438,0.666667,0.391875
227040,0.65,1.85,0.665687,0.673656,0.669648,0.338959
227040,0.7,1.9,0.672516,0.632612,0.651954,0.304209
145053,0.5,1.5,0.454411,0.821235,0.585081,0.591875
145053,0.55,1.6,0.468388,0.806688,0.59266,4.07433
145053,0.6,1.7,0.481793,0.787792,0.597916,0.482667
145053,0.6,1.8,0.487391,0.774743,0.598356,0.489083
145053,0.65,1.85,0.503031,0.760804,0.60563,0.539583
145053,0.7,1.9,0.519372,0.752385,0.614532,0.460584
374020,0.5,1.5,0.506655,0.789032,0.617074,0.453625
374020,0.55,1.6,0.521893,0.736867,0.611023,5.91792
374020,0.6,1.7,0.549375,0.694568,0.613498,0.482709
374020,0.6,1.8,0.567542,0.681973,0.619518,0.423541
374020,0.65,1.85,0.575348,0.644975,0.608175,0.544834
374020,0.7,1.9,0.5877,0.596274,0.591956,0.430042
46076,0.5,1.5,0.57966,0.555629,0.56739,0.356625
46076,0.55,1.6,0.590337,0.512185,0.548491,0.269834
46076,0.6,1.7,0.593272,0.473046,0.526382,0.256708
46076,0.6,1.8,0.60724,0.459934,0.52342,0.348708
46076,0.65,1.85,0.622848,0.448079,0.521203,0.285709
46076,0.7,1.9,0.639352,0.439205,0.520708,0.340208
100080,0.5,1.5,0.631592,0.299768,0.406569,0.294084
100080,0.55,1.6,0.657575,0.268875,0.381684,0.28275
100080,0.6,1.7,0.688966,0.218812,0.332139,0.364708
100080,0.6,1.8,0.713438,0.215231,0.330696,0.297708
100080,0.65,1.85,0.735973,0.195938,0.309482,0.305
100080,0.7,1.9,0.739952,0.186577,0.298011,0.206708
113016,0.5,1.5,0.324504,0.925396,0.48051,0.564333
113016,0.55,1.6,0.334832,0.897241,0.487674,0.581125
113016,0.6,1.7,0.349718,0.867462,0.498475,0.652125
113016,0.6,1.8,0.355571,0.835498,0.498844,0.68075
113016,0.65,1.85,0.370264,0.81808,0.509794,0.594792
113016,0.7,1.9,0.381359,0.777313,0.511681,0.588042
134052,0.5,1.5,0.167097,0.596936,0.261104,0.599709
134052,0.55,1.6,0.175332,0.589196,0.270245,0.589
134052,0.6,1.7,0.183677,0.583412,0.279393,0.506917
134052,0.6,1.8,0.191932,0.57536,0.287843,0.597625
134052,0.65,1.85,0.199984,0.570435,0.296144,0.716833
134052,0.7,1.9,0.206976,0.563634,0.302769,0.57
311068,0.5,1.5,0.17056,0.865456,0.284961,0.687083
311068,0.55,1.6,0.171926,0.849156,0.285955,0.590917
311068,0.6,1.7,0.174692,0.841364,0.289314,1.00083
311068,0.6,1.8,0.173461,0.821347,0.28643,0.680291
311068,0.65,1.85,0.172123,0.792679,0.282832,0.855625
311068,0.7,1.9,0.17371,0.788104,0.284674,0.670541
239096,0.5,1.5,0.500165,0.556658,0.526902,0.530917
239096,0.55,1.6,0.494281,0.522025,0.507774,0.399166
239096,0.6,1.7,0.491897,0.504708,0.49822,0.540833
239096,0.6,1.8,0.493862,0.485968,0.489883,0.406041
239096,0.65,1.85,0.499104,0.460705,0.479136,0.377833
239096,0.7,1.9,0.505395,0.447522,0.474701,0.384375
187071,0.5,1.5,0.43486,0.885143,0.583201,0.427041
187071,0.55,1.6,0.462218,0.861782,0.601708,0.565042
187071,0.6,1.7,0.483211,0.83816,0.613012,0.448041
187071,0.6,1.8,0.49955,0.830936,0.623974,0.602084
187071,0.65,1.85,0.522379,0.814928,0.636655,0.433125
187071,0.7,1.9,0.535828,0.767879,0.631202,0.425541
16052,0.5,1.5,0.33087,0.824272,0.472196,0.515417
16052,0.55,1.6,0.340881,0.805575,0.47905,0.6185
16052,0.6,1.7,0.347178,0.777128,0.479943,0.7745
16052,0.6,1.8,0.350485,0.744609,0.476624,0.53125
16052,0.65,1.85,0.355108,0.733597,0.478562,0.558333
16052,0.7,1.9,0.35913,0.715933,0.478322,0.686375
94079,0.5,1.5,0.162566,0.897364,0.275265,0.689459
94079,0.55,1.6,0.171045,0.85727,0.285189,0.643667
94079,0.6,1.7,0.179029,0.825106,0.29422,0.610834
94079,0.6,1.8,0.188808,0.819969,0.30694,0.520833
94079,0.65,1.85,0.198619,0.799754,0.31821,0.521125
94079,0.7,1.9,0.213354,0.785794,0.335591,0.483542
311081,0.5,1.5,0.173828,0.919522,0.292383,0.674875
311081,0.55,1.6,0.180755,0.906432,0.301405,0.657417
311081,0.6,1.7,0.189685,0.89512,0.313035,0.632166
311081,0.6,1.8,0.192805,0.88607,0.316698,0.643125
311081,0.65,1.85,0.197761,0.877909,0.322806,0.593541
311081,0.7,1.9,0.202629,0.863203,0.328213,0.581
118035,0.5,1.5,0.899393,0.691802,0.782056,0.259625
118035,0.55,1.6,0.901415,0.689467,0.781323,0.293292
118035,0.6,1.7,0.901779,0.688406,0.780777,0.284041
118035,0.6,1.8,0.901779,0.688406,0.780777,0.285084
118035,0.65,1.85,0.904009,0.687487,0.781019,0.247209
118035,0.7,1.9,0.908443,0.685011,0.781062,0.221667
130034,0.5,1.5,0.111912,0.993434,0.201163,0.724041
130034,0.55,1.6,0.12069,0.990737,0.215169,0.82175
130034,0.6,1.7,0.127709,0.945246,0.225016,0.623084
130034,0.6,1.8,0.134749,0.93141,0.235437,0.7705
130034,0.65,1.85,0.14275,0.912182,0.246867,0.758917
130034,0.7,1.9,0.1582,0.899285,0.269066,0.554125
138078,0.5,1.5,0.586565,0.820544,0.684101,0.354042
138078,0.55,1.6,0.593217,0.786959,0.67649,0.4095
138078,0.6,1.7,0.608453,0.773588,0.681155,0.345458
138078,0.6,1.8,0.608453,0.773588,0.681155,0.337375
138078,0.65,1.85,0.614432,0.7516,0.676129,0.345625
138078,0.7,1.9,0.625356,0.737026,0.676614,0.355959
35070,0.5,1.5,0.719856,0.739239,0.729419,0.343333
35070,0.55,1.6,0.743985,0.733634,0.738773,0.408083
35070,0.6,1.7,0.77355,0.718418,0.744966,0.247458
35070,0.6,1.8,0.819947,0.718418,0.765833,0.224291
35070,0.65,1.85,0.834487,0.7,0.76135,0.2275
35070,0.7,1.9,0.836717,0.684785,0.753165,0.232084
35058,0.5,1.5,0.409718,0.522406,0.45925,0.37075
35058,0.55,1.6,0.424647,0.506163,0.461836,0.360959
35058,0.6,1.7,0.429336,0.458526,0.443451,0.52775
35058,0.6,1.8,0.426347,0.444658,0.43531,0.384333
35058,0.65,1.85,0.433234,0.430342,0.431783,0.349083
35058,0.7,1.9,0.436209,0.425847,0.430966,0.3285
260081,0.5,1.5,0.34596,0.780795,0.479472,0.641958
260081,0.55,1.6,0.349069,0.757077,0.477825,0.521333
260081,0.6,1.7,0.343959,0.723349,0.466224,0.703958
260081,0.6,1.8,0.340047,0.695303,0.456726,0.552958
260081,0.65,1.85,0.340527,0.684408,0.454778,0.632792
260081,0.7,1.9,0.340664,0.675911,0.453008,0.506
246053,0.5,1.5,0.568598,0.736078,0.641588,0.4755
246053,0.55,1.6,0.597394,0.714236,0.650611,0.475333
246053,0.6,1.7,0.611034,0.695263,0.650433,0.380584
246053,0.6,1.8,0.615479,0.672893,0.642907,0.611833
246053,0.65,1.85,0.645143,0.654096,0.649589,0.43125
246053,0.7,1.9,0.653289,0.617673,0.634982,0.371584
26031,0.5,1.5,0.116892,0.853703,0.205629,0.535541
26031,0.55,1.6,0.120022,0.842842,0.210123,0.547791
26031,0.6,1.7,0.121868,0.83185,0.212591,0.656291
26031,0.6,1.8,0.124131,0.827139,0.215866,1.787
26031,0.65,1.85,0.12546,0.824915,0.217796,0.577333
26031,0.7,1.9,0.127734,0.822429,0.221124,0.589334
67079,0.5,1.5,0.574355,0.795115,0.666942,0.651417
67079,0.55,1.6,0.580332,0.760298,0.658236,0.485417
67079,0.6,1.7,0.591723,0.738141,0.656872,0.361916
67079,0.6,1.8,0.598419,0.731982,0.658496,0.640708
67079,0.65,1.85,0.611336,0.722443,0.662262,0.357084
67079,0.7,1.9,0.621121,0.705419,0.660592,0.387542
164074,0.5,1.5,0.153217,0.832367,0.258797,10.8319
164074,0.55,1.6,0.154645,0.825661,0.260499,0.735834
164074,0.6,1.7,0.155359,0.820859,0.26127,0.981791
164074,0.6,1.8,0.153107,0.79739,0.256889,4.72817
164074,0.65,1.85,0.154059,0.795759,0.258142,0.958041
164074,0.7,1.9,0.154747,0.792679,0.258943,0.681042
95006,0.5,1.5,0.229603,0.864704,0.362857,1.03242
95006,0.55,1.6,0.231112,0.852131,0.363608,1.01108
95006,0.6,1.7,0.233327,0.840049,0.365214,0.902083
95006,0.6,1.8,0.233752,0.828519,0.36463,1.07496
95006,0.65,1.85,0.234819,0.820117,0.365101,0.761584
95006,0.7,1.9,0.236361,0.810181,0.365958,0.743
27059,0.5,1.5,0.551526,0.878608,0.677664,0.661834
27059,0.55,1.6,0.565302,0.852961,0.67996,0.698
27059,0.6,1.7,0.586194,0.809235,0.67989,1.74946
27059,0.6,1.8,0.598312,0.78386,0.678632,20.8885
27059,0.65,1.85,0.613963,0.770674,0.68345,1.66875
27059,0.7,1.9,0.627334,0.735466,0.67711,0.609916
66039,0.5,1.5,0.249478,0.75076,0.374508,2.20271
66039,0.55,1.6,0.259369,0.71269,0.380326,1.02079
66039,0.6,1.7,0.277447,0.693655,0.396359,0.837458
66039,0.6,1.8,0.283235,0.665631,0.39738,0.967166
66039,0.65,1.85,0.290731,0.640185,0.399868,1.70179
66039,0.7,1.9,0.303151,0.618044,0.406777,0.587333
112082,0.5,1.5,0.221421,0.786755,0.345582,0.896
112082,0.55,1.6,0.238031,0.752956,0.361714,0.7915
112082,0.6,1.7,0.251401,0.715496,0.372069,0.580333
112082,0.6,1.8,0.263373,0.692683,0.381639,0.889
112082,0.65,1.85,0.273424,0.67483,0.389168,0.812667
112082,0.7,1.9,0.289059,0.652705,0.400674,0.459292
140075,0.5,1.5,0.446341,0.80354,0.573899,0.844667
140075,0.55,1.6,0.461413,0.782678,0.580565,0.838125
140075,0.6,1.7,0.470844,0.764102,0.582654,0.563625
140075,0.6,1.8,0.480554,0.754085,0.587019,0.618625
140075,0.65,1.85,0.488731,0.728652,0.58505,0.454375
140075,0.7,1.9,0.498387,0.713674,0.586911,2.67679
106020,0.5,1.5,0.243817,0.772218,0.370617,0.649791
106020,0.55,1.6,0.245129,0.750643,0.369571,0.799
106020,0.6,1.7,0.246156,0.733217,0.368574,0.593125
106020,0.6,1.8,0.247103,0.71131,0.366787,0.558875
106020,0.65,1.85,0.247087,0.693386,0.364342,0.723916
106020,0.7,1.9,0.247825,0.67845,0.363039,0.504333
97017,0.5,1.5,0.617429,0.568212,0.591799,0.525
97017,0.55,1.6,0.650278,0.549976,0.595936,0.395625
97017,0.6,1.7,0.655273,0.527043,0.584204,0.307917
97017,0.6,1.8,0.655273,0.527043,0.584204,0.358
97017,0.65,1.85,0.65856,0.514402,0.577623,0.335166
97017,0.7,1.9,0.669813,0.509774,0.578937,0.34275
302003,0.5,1.5,0.73105,0.708646,0.719673,0.638208
302003,0.55,1.6,0.758104,0.6991,0.727407,0.412584
302003,0.6,1.7,0.765295,0.685032,0.722943,0.405041
302003,0.6,1.8,0.770329,0.680218,0.722474,0.355375
302003,0.65,1.85,0.786131,0.672054,0.72463,0.325084
302003,0.7,1.9,0.793317,0.654051,0.716984,0.346625
118020,0.5,1.5,0.498198,0.844435,0.626673,0.678292
118020,0.55,1.6,0.504844,0.826276,0.626752,0.571875
118020,0.6,1.7,0.510433,0.806527,0.625195,0.524917
118020,0.6,1.8,0.514034,0.789247,0.622582,0.782708
118020,0.65,1.85,0.521238,0.777364,0.624043,0.437584
118020,0.7,1.9,0.529221,0.765732,0.625878,0.490333
365073,0.5,1.5,0.4493,0.95779,0.611667,0.772209
365073,0.55,1.6,0.462638,0.945434,0.621266,0.602958
365073,0.6,1.7,0.474851,0.926202,0.627825,0.62375
365073,0.6,1.8,0.482005,0.917005,0.631877,0.524875
365073,0.65,1.85,0.496753,0.90502,0.641433,0.692542
365073,0.7,1.9,0.502606,0.884085,0.640873,0.574959
178054,0.5,1.5,0.149994,0.606557,0.240512,0.466417
178054,0.55,1.6,0.14541,0.562875,0.231115,0.439542
178054,0.6,1.7,0.138036,0.511895,0.217438,0.420625
178054,0.6,1.8,0.142456,0.511895,0.222885,0.525959
178054,0.65,1.85,0.138299,0.47571,0.214297,0.466708
178054,0.7,1.9,0.111219,0.367253,0.170733,0.448209
216053,0.5,1.5,0.583199,0.744618,0.654097,0.330625
216053,0.55,1.6,0.610694,0.716342,0.659313,0.3355
216053,0.6,1.7,0.686045,0.704518,0.695159,0.361584
216053,0.6,1.8,0.729342,0.679519,0.70355,0.346084
216053,0.65,1.85,0.758409,0.659276,0.705377,0.39375
216053,0.7,1.9,0.771949,0.637363,0.698229,0.275875
268002,0.5,1.5,0.364153,0.76979,0.494419,0.384208
268002,0.55,1.6,0.374879,0.754229,0.500828,0.43325
268002,0.6,1.7,0.384574,0.73207,0.504253,0.4275
268002,0.6,1.8,0.389884,0.721668,0.506259,0.473292
268002,0.65,1.85,0.418428,0.706698,0.525634,0.432209
268002,0.7,1.9,0.427387,0.680227,0.524949,0.401709
368016,0.5,1.5,0.362217,0.805249,0.499672,0.489541
368016,0.55,1.6,0.370307,0.79286,0.504832,0.535416
368016,0.6,1.7,0.379321,0.771783,0.508648,0.487667
368016,0.6,1.8,0.384305,0.759922,0.510461,0.780416
368016,0.65,1.85,0.38776,0.732445,0.507073,0.433084
368016,0.7,1.9,0.390088,0.71213,0.504062,0.478208
117054,0.5,1.5,0.395978,0.830878,0.536346,0.604666
117054,0.55,1.6,0.405514,0.821665,0.543029,0.506583
117054,0.6,1.7,0.418225,0.803122,0.550025,0.523958
117054,0.6,1.8,0.428454,0.796491,0.557184,0.5885
117054,0.65,1.85,0.436877,0.789742,0.562555,0.48825
117054,0.7,1.9,0.44753,0.782055,0.569287,0.477
277095,0.5,1.5,0.354855,0.940588,0.515302,0.552125
277095,0.55,1.6,0.366154,0.934251,0.526112,0.546709
277095,0.6,1.7,0.379898,0.924341,0.538483,0.644667
277095,0.6,1.8,0.395046,0.920959,0.552918,0.522167
277095,0.65,1.85,0.402944,0.915432,0.559579,0.547208
277095,0.7,1.9,0.413912,0.911716,0.569346,0.508083
274007,0.5,1.5,0.43313,0.882896,0.581157,0.654458
274007,0.55,1.6,0.450258,0.864661,0.592159,0.701541
274007,0.6,1.7,0.469397,0.848568,0.60444,0.581459
274007,0.6,1.8,0.481122,0.832675,0.609863,0.560792
274007,0.65,1.85,0.496299,0.814441,0.616761,0.632042
274007,0.7,1.9,0.50601,0.802897,0.620783,0.543917
385028,0.5,1.5,0.617256,0.710778,0.660724,0.443167
385028,0.55,1.6,0.673626,0.659219,0.666345,0.417625
385028,0.6,1.7,0.711292,0.638667,0.673025,0.462916
385028,0.6,1.8,0.733913,0.625523,0.675397,0.339083
385028,0.65,1.85,0.750185,0.604075,0.669248,0.320208
385028,0.7,1.9,0.762766,0.572052,0.653784,0.277167
48055,0.5,1.5,0.36147,0.715556,0.480308,0.632166
48055,0.55,1.6,0.365038,0.667853,0.472057,0.616541
48055,0.6,1.7,0.3744,0.647954,0.47458,0.4215
48055,0.6,1.8,0.385673,0.626804,0.477524,0.406875
48055,0.65,1.85,0.391124,0.614351,0.477958,0.487417
48055,0.7,1.9,0.389526,0.573368,0.463896,0.467833
286092,0.5,1.5,0.9224,0.3763,0.534533,0.264833
286092,0.55,1.6,0.942772,0.341341,0.501212,0.270541
286092,0.6,1.7,0.958863,0.302088,0.459433,0.276959
286092,0.6,1.8,0.958863,0.302088,0.459433,0.268583
286092,0.65,1.85,0.958764,0.294618,0.450731,0.246292
286092,0.7,1.9,0.9642,0.283474,0.438136,0.333708
23025,0.5,1.5,0.503883,0.722632,0.593751,0.379875
23025,0.55,1.6,0.540708,0.679377,0.602162,0.414
23025,0.6,1.7,0.586388,0.654708,0.618668,0.384125
23025,0.6,1.8,0.60215,0.620131,0.611008,0.4095
23025,0.65,1.85,0.605787,0.582274,0.593798,0.348083
23025,0.7,1.9,0.620168,0.574484,0.596453,0.398416
24004,0.5,1.5,0.501794,0.839408,0.628108,0.581167
24004,0.55,1.6,0.522746,0.815645,0.637146,0.385542
24004,0.6,1.7,0.540137,0.802834,0.645792,0.439083
24004,0.6,1.8,0.561752,0.790395,0.656743,0.506375
24004,0.65,1.85,0.577407,0.778761,0.663136,0.424875
24004,0.7,1.9,0.583283,0.772573,0.664714,0.426167
323016,0.5,1.5,0.643914,0.792802,0.710643,0.585917
323016,0.55,1.6,0.665251,0.780057,0.718094,0.461709
323016,0.6,1.7,0.686516,0.766237,0.724189,0.764042
323016,0.6,1.8,0.698748,0.743823,0.720581,0.437334
323016,0.65,1.85,0.713056,0.736351,0.724517,0.380166
323016,0.7,1.9,0.723574,0.726047,0.724809,0.356917
271008,0.5,1.5,0.635261,0.777518,0.699228,0.4475
271008,0.55,1.6,0.675715,0.740204,0.706491,0.539458
271008,0.6,1.7,0.699447,0.715709,0.707485,0.353084
271008,0.6,1.8,0.721335,0.705537,0.713349,0.412958
271008,0.65,1.85,0.724705,0.688411,0.706092,0.36625
271008,0.7,1.9,0.727328,0.68509,0.705577,0.500708
376001,0.5,1.5,0.57694,0.847739,0.686603,1.85058
376001,0.55,1.6,0.588441,0.822711,0.68613,1.76283
376001,0.6,1.7,0.597229,0.799275,0.683636,0.896375
376001,0.6,1.8,0.603342,0.784476,0.682088,0.560917
376001,0.65,1.85,0.612468,0.754761,0.67621,0.500333
376001,0.7,1.9,0.616059,0.735776,0.670616,0.5165
187083,0.5,1.5,0.401771,0.852499,0.546149,0.412375
187083,0.55,1.6,0.417015,0.834461,0.556116,0.458833
187083,0.6,1.7,0.444008,0.817268,0.575407,0.439708
187083,0.6,1.8,0.454235,0.801015,0.579724,0.508708
187083,0.65,1.85,0.44932,0.744645,0.560458,0.333791
187083,0.7,1.9,0.456916,0.73431,0.563315,0.372625
161062,0.5,1.5,0.692586,0.647044,0.669041,0.270625
161062,0.55,1.6,0.72285,0.521042,0.605575,0.176125
161062,0.6,1.7,0.740191,0.505636,0.600833,0.201417
161062,0.6,1.8,0.740191,0.505636,0.600833,0.186583
161062,0.65,1.85,0.755041,0.501879,0.602964,0.158667
161062,0.7,1.9,0.756059,0.480586,0.587641,0.160041
188005,0.5,1.5,0.39315,0.774212,0.521486,0.485417
188005,0.55,1.6,0.412663,0.75497,0.533641,0.571625
188005,0.6,1.7,0.436201,0.747171,0.550827,0.4515
188005,0.6,1.8,0.452578,0.733939,0.559899,0.39825
188005,0.65,1.85,0.464445,0.719811,0.564595,0.405667
188005,0.7,1.9,0.477044,0.697437,0.566562,0.359792
100098,0.5,1.5,0.528516,0.934893,0.675281,0.611375
100098,0.55,1.6,0.556393,0.920454,0.693551,0.726833
100098,0.6,1.7,0.569805,0.903081,0.698737,0.492833
100098,0.6,1.8,0.587244,0.892091,0.708258,0.503208
100098,0.65,1.85,0.600374,0.879295,0.713546,0.535917
100098,0.7,1.9,0.61766,0.86824,0.721821,0.46925
135037,0.5,1.5,0.692823,0.692881,0.692852,0.402917
135037,0.55,1.6,0.70735,0.645281,0.674892,0.31475
135037,0.6,1.7,0.717833,0.617467,0.663878,0.362208
135037,0.6,1.8,0.722977,0.599089,0.655229,0.326875
135037,0.65,1.85,0.730821,0.585927,0.650402,0.31675
135037,0.7,1.9,0.732632,0.582285,0.648863,0.298416
309004,0.5,1.5,0.170366,0.985788,0.290523,0.721875
309004,0.55,1.6,0.179472,0.97568,0.303176,0.695125
309004,0.6,1.7,0.192477,0.947332,0.319948,0.899417
309004,0.6,1.8,0.200989,0.935933,0.330915,0.646958
309004,0.65,1.85,0.214465,0.921037,0.347917,0.709792
309004,0.7,1.9,0.227452,0.890257,0.362332,0.6625
169012,0.5,1.5,0.286398,0.644655,0.3966,0.669292
169012,0.55,1.6,0.283007,0.622727,0.389157,0.555875
169012,0.6,1.7,0.283187,0.607332,0.386265,0.620209
169012,0.6,1.8,0.280974,0.59514,0.381729,0.577042
169012,0.65,1.85,0.280172,0.579953,0.377821,0.550875
169012,0.7,1.9,0.281005,0.573586,0.377211,0.606208
231015,0.5,1.5,0.468457,0.888543,0.613477,0.56075
231015,0.55,1.6,0.482993,0.855618,0.617442,0.607583
231015,0.6,1.7,0.494445,0.828586,0.61932,0.532875
231015,0.6,1.8,0.504756,0.815732,0.623627,0.482042
231015,0.65,1.85,0.528108,0.79754,0.635443,0.706375
231015,0.7,1.9,0.534683,0.784088,0.635802,0.495042
166081,0.5,1.5,0.471364,0.723186,0.570732,0.524667
166081,0.55,1.6,0.496744,0.685299,0.575983,0.549583
166081,0.6,1.7,0.531443,0.663287,0.59009,0.455333
166081,0.6,1.8,0.545279,0.640208,0.588943,0.460708
166081,0.65,1.85,0.561229,0.623621,0.590783,0.518167
166081,0.7,1.9,0.574577,0.609836,0.591682,0.428334
271031,0.5,1.5,0.678612,0.451783,0.542439,0.194667
271031,0.55,1.6,0.738343,0.409593,0.526894,0.240166
271031,0.6,1.7,0.85567,0.333501,0.479942,0.360958
271031,0.6,1.8,0.85567,0.333501,0.479942,0.14375
271031,0.65,1.85,0.852984,0.294324,0.43764,0.201333
271031,0.7,1.9,0.925895,0.279257,0.429095,0.478625
216041,0.5,1.5,0.443618,0.639478,0.523839,0.553084
216041,0.55,1.6,0.567094,0.628178,0.596075,0.500708
216041,0.6,1.7,0.673587,0.59464,0.631656,1.69437
216041,0.6,1.8,0.724786,0.589279,0.650046,0.394708
216041,0.65,1.85,0.777331,0.573778,0.660221,0.336417
216041,0.7,1.9,0.807692,0.543064,0.649456,0.350125
181018,0.5,1.5,0.530591,0.668042,0.591435,0.422084
181018,0.55,1.6,0.533287,0.656096,0.588351,0.43375
181018,0.6,1.7,0.539885,0.637722,0.584739,0.448
181018,0.6,1.8,0.546211,0.629366,0.584847,0.411458
181018,0.65,1.85,0.551663,0.619188,0.583478,0.37875
181018,0.7,1.9,0.554475,0.61367,0.582573,0.589834
163062,0.5,1.5,0.313784,0.759156,0.444034,0.533291
163062,0.55,1.6,0.31795,0.725228,0.442084,0.526125
163062,0.6,1.7,0.325206,0.706818,0.445457,0.530416
163062,0.6,1.8,0.330205,0.701032,0.448945,0.551667
163062,0.65,1.85,0.332863,0.667105,0.444123,0.463542
163062,0.7,1.9,0.338796,0.656585,0.446961,0.448542
35091,0.5,1.5,0.356842,0.992031,0.52488,0.743208
35091,0.55,1.6,0.363974,0.982791,0.531214,0.7495
35091,0.6,1.7,0.374929,0.971971,0.541124,0.6845
35091,0.6,1.8,0.378165,0.961941,0.542901,0.715375
35091,0.65,1.85,0.382921,0.947721,0.545455,0.628916
35091,0.7,1.9,0.394765,0.937588,0.555599,0.696167
198004,0.5,1.5,0.602848,0.572425,0.587243,0.34525
198004,0.55,1.6,0.618508,0.543704,0.578699,0.381292
198004,0.6,1.7,0.630176,0.510331,0.563957,0.379458
198004,0.6,1.8,0.639184,0.510331,0.567536,0.454458
198004,0.65,1.85,0.635392,0.488641,0.552437,0.351042
198004,0.7,1.9,0.63006,0.468899,0.537662,0.347708
196015,0.5,1.5,0.453764,0.721887,0.557251,0.522541
196015,0.55,1.6,0.468641,0.688528,0.557693,0.479416
196015,0.6,1.7,0.485078,0.675185,0.564557,0.514541
196015,0.6,1.8,0.499808,0.654079,0.56663,0.601042
196015,0.65,1.85,0.509507,0.637504,0.566364,0.443667
196015,0.7,1.9,0.514615,0.624245,0.564153,0.475875
172032,0.5,1.5,0.750203,0.602964,0.668573,0.328625
172032,0.55,1.6,0.776405,0.555127,0.64738,0.307625
172032,0.6,1.7,0.814006,0.510551,0.627518,0.28075
172032,0.6,1.8,0.814006,0.510551,0.627518,0.273083
172032,0.65,1.85,0.823673,0.479312,0.605988,0.239084
172032,0.7,1.9,0.828803,0.471784,0.601292,0.290042
12003,0.5,1.5,0.379769,0.918655,0.537384,12.5595
12003,0.55,1.6,0.394409,0.89905,0.548287,0.677375
12003,0.6,1.7,0.415361,0.888778,0.566142,4.21308
12003,0.6,1.8,0.43088,0.870278,0.576387,0.636292
12003,0.65,1.85,0.444375,0.862713,0.586599,0.495958
12003,0.7,1.9,0.46033,0.851336,0.597554,0.505416
147062,0.5,1.5,0.239686,0.948162,0.382643,0.686625
147062,0.55,1.6,0.246142,0.946636,0.390696,0.702333
147062,0.6,1.7,0.254391,0.945292,0.400896,2.34742
147062,0.6,1.8,0.25752,0.944071,0.404658,0.745625
147062,0.65,1.85,0.264717,0.941995,0.413292,0.57925
147062,0.7,1.9,0.272304,0.940164,0.422297,0.628917
105053,0.5,1.5,0.520999,0.688977,0.593328,0.519333
105053,0.55,1.6,0.5594,0.649816,0.601228,0.688667
105053,0.6,1.7,0.642681,0.590229,0.615339,0.29325
105053,0.6,1.8,0.671094,0.556434,0.608409,0.330917
105053,0.65,1.85,0.688078,0.518309,0.591248,0.289375
105053,0.7,1.9,0.70246,0.486492,0.574861,0.206834
43070,0.5,1.5,0.191757,0.98444,0.320989,0.524125
43070,0.55,1.6,0.20667,0.976354,0.341131,0.481167
43070,0.6,1.7,0.221431,0.967165,0.360358,0.55475
43070,0.6,1.8,0.223611,0.9494,0.361967,0.482291
43070,0.65,1.85,0.231987,0.938863,0.372044,0.59175
43070,0.7,1.9,0.245938,0.930899,0.389082,0.364917
65074,0.5,1.5,0.612327,0.671429,0.640517,0.4265
65074,0.55,1.6,0.613199,0.629826,0.621401,0.439875
65074,0.6,1.7,0.620073,0.609308,0.614644,0.383666
65074,0.6,1.8,0.631849,0.58705,0.608626,0.369291
65074,0.65,1.85,0.63515,0.571712,0.601763,0.338958
65074,0.7,1.9,0.642128,0.565156,0.601188,10.3639
78019,0.5,1.5,0.522978,0.841646,0.645105,0.542833
78019,0.55,1.6,0.524488,0.800993,0.6339,0.672625
78019,0.6,1.7,0.525535,0.774824,0.626284,0.7055
78019,0.6,1.8,0.527962,0.746692,0.61856,0.551041
78019,0.65,1.85,0.524275,0.719354,0.606514,0.495292
78019,0.7,1.9,0.523668,0.705998,0.601315,0.513875
140055,0.5,1.5,0.290125,0.864979,0.43451,1.287
140055,0.55,1.6,0.302591,0.840959,0.445047,1.04183
140055,0.6,1.7,0.32754,0.808832,0.466264,1.87925
140055,0.6,1.8,0.338175,0.792023,0.473974,2.10504
140055,0.65,1.85,0.348944,0.758156,0.477922,1.36392
140055,0.7,1.9,0.361756,0.732544,0.484332,0.760333
100075,0.5,1.5,0.375405,0.735814,0.497162,0.587541
100075,0.55,1.6,0.40075,0.69384,0.508056,0.927333
100075,0.6,1.7,0.417376,0.653253,0.509331,0.64625
100075,0.6,1.8,0.42948,0.605729,0.502601,0.813875
100075,0.65,1.85,0.450551,0.575698,0.505494,0.604625
100075,0.7,1.9,0.455203,0.536548,0.492539,2.19663
113009,0.5,1.5,0.545284,0.867491,0.669645,1.36925
113009,0.55,1.6,0.6103,0.839022,0.706613,2.09433
113009,0.6,1.7,0.663896,0.797784,0.724708,0.467458
113009,0.6,1.8,0.710812,0.775476,0.741737,0.541333
113009,0.65,1.85,0.748508,0.760074,0.754246,0.413125
113009,0.7,1.9,0.774442,0.733194,0.753254,0.643792
155060,0.5,1.5,0.415386,0.78459,0.543191,0.813667
155060,0.55,1.6,0.436675,0.755927,0.55357,0.76775
155060,0.6,1.7,0.454758,0.696148,0.550138,0.62675
155060,0.6,1.8,0.46437,0.671572,0.549074,0.632583
155060,0.65,1.85,0.484125,0.646638,0.553703,0.511958
155060,0.7,1.9,0.497993,0.602187,0.545156,0.44475
60079,0.5,1.5,0.647128,0.345658,0.45062,0.24975
60079,0.55,1.6,0.666251,0.336375,0.447047,0.224083
60079,0.6,1.7,0.730042,0.297829,0.423064,0.280125
60079,0.6,1.8,0.730042,0.297829,0.423064,0.217333
60079,0.65,1.85,0.710653,0.255035,0.375362,0.238125
60079,0.7,1.9,0.733911,0.252989,0.376272,0.219583
23084,0.5,1.5,0.383042,0.771839,0.511995,1.404
23084,0.55,1.6,0.388924,0.760318,0.514611,0.733083
23084,0.6,1.7,0.3989,0.749213,0.520612,0.723542
23084,0.6,1.8,0.39971,0.736801,0.518265,0.650375
23084,0.65,1.85,0.401497,0.729438,0.51792,0.549709
23084,0.7,1.9,0.406891,0.725874,0.52147,1.14013
249087,0.5,1.5,0.289908,0.894319,0.437873,1.10737
249087,0.55,1.6,0.302432,0.876985,0.449762,0.634
249087,0.6,1.7,0.308232,0.851226,0.452583,0.579375
249087,0.6,1.8,0.314619,0.834323,0.456932,0.57625
249087,0.65,1.85,0.323992,0.816017,0.463826,0.602417
249087,0.7,1.9,0.331661,0.789124,0.467033,0.50175
183087,0.5,1.5,0.273266,0.877655,0.416767,0.554791
183087,0.55,1.6,0.286148,0.864945,0.43003,0.5635
183087,0.6,1.7,0.296292,0.817056,0.434881,0.612375
183087,0.6,1.8,0.305328,0.806396,0.442943,0.501667
183087,0.65,1.85,0.30785,0.79877,0.444419,0.4785
183087,0.7,1.9,0.310414,0.778516,0.443852,0.443792
45077,0.5,1.5,0.222231,0.836184,0.35114,0.668875
45077,0.55,1.6,0.223364,0.822663,0.351336,0.941333
45077,0.6,1.7,0.220791,0.785566,0.344701,0.672917
45077,0.6,1.8,0.219755,0.770195,0.341945,0.637667
45077,0.65,1.85,0.220141,0.755114,0.340898,0.61925
45077,0.7,1.9,0.223182,0.741766,0.343125,0.631916
22013,0.5,1.5,0.532469,0.92147,0.674931,0.568959
22013,0.55,1.6,0.562466,0.906093,0.694077,0.491167
22013,0.6,1.7,0.582438,0.891683,0.704624,0.4475
22013,0.6,1.8,0.595703,0.887621,0.712937,0.5295
22013,0.65,1.85,0.614783,0.862718,0.717948,0.4835
22013,0.7,1.9,0.624847,0.840522,0.716813,0.4845
209070,0.5,1.5,0.550292,0.698668,0.615667,0.582
209070,0.55,1.6,0.554871,0.667424,0.605965,0.551625
209070,0.6,1.7,0.561467,0.64918,0.602146,0.522958
209070,0.6,1.8,0.559251,0.627093,0.591232,0.549833
209070,0.65,1.85,0.570935,0.618146,0.593603,0.519375
209070,0.7,1.9,0.578663,0.595044,0.586739,0.4865
55067,0.5,1.5,0.961636,0.238826,0.382625,0.175875
55067,0.55,1.6,0.950844,0.181589,0.304941,0.130542
55067,0.6,1.7,0.98999,0.145509,0.253726,0.146417
55067,0.6,1.8,0.987093,0.112512,0.202,0.119917
55067,0.65,1.85,0.985395,0.0803559,0.148594,0.122583
55067,0.7,1.9,0.976449,0.037761,0.0727101,0.122959
245051,0.5,1.5,0.70443,0.814928,0.755661,0.316625
245051,0.55,1.6,0.712156,0.80729,0.756745,0.367542
245051,0.6,1.7,0.721604,0.787923,0.753306,0.276666
245051,0.6,1.8,0.721604,0.787923,0.753306,0.309875
245051,0.65,1.85,0.730842,0.771502,0.750622,0.277959
245051,0.7,1.9,0.748984,0.75394,0.751454,0.298875
239007,0.5,1.5,0.75019,0.623208,0.680829,0.394334
239007,0.55,1.6,0.80702,0.514274,0.628216,0.366333
239007,0.6,1.7,0.860306,0.486777,0.621754,0.309791
239007,0.6,1.8,0.860306,0.486777,0.621754,0.316458
239007,0.65,1.85,0.86744,0.474585,0.613512,0.2665
239007,0.7,1.9,0.88263,0.465083,0.609175,0.283334
176019,0.5,1.5,0.27419,0.895667,0.419852,1.32546
176019,0.55,1.6,0.283216,0.872914,0.427674,0.698542
176019,0.6,1.7,0.288124,0.851631,0.430576,0.660917
176019,0.6,1.8,0.294343,0.838311,0.435704,0.719
176019,0.65,1.85,0.301371,0.821341,0.440947,0.687792
176019,0.7,1.9,0.309032,0.79508,0.445072,0.834459
8143,0.5,1.5,0.385078,0.999252,0.555922,0.715833
8143,0.55,1.6,0.394705,0.998764,0.565807,0.724666
8143,0.6,1.7,0.401091,0.997106,0.572066,0.712709
8143,0.6,1.8,0.404793,0.997106,0.575821,10.7961
8143,0.65,1.85,0.410595,0.996975,0.581645,1.00317
8143,0.7,1.9,0.417087,0.995675,0.587902,0.962458
103041,0.5,1.5,0.314723,0.779489,0.448402,0.527
103041,0.55,1.6,0.332845,0.749487,0.460973,0.494708
103041,0.6,1.7,0.353392,0.740977,0.47855,0.451334
103041,0.6,1.8,0.357708,0.706573,0.474962,0.455542
103041,0.65,1.85,0.376726,0.69843,0.489449,0.450292
103041,0.7,1.9,0.39437,0.694689,0.503121,0.443625
145014,0.5,1.5,0.458538,0.841055,0.593502,0.717958
145014,0.55,1.6,0.46564,0.833363,0.597454,0.577541
145014,0.6,1.7,0.476017,0.824642,0.603607,0.538458
145014,0.6,1.8,0.480222,0.821467,0.606115,0.587333
145014,0.65,1.85,0.487004,0.796064,0.604312,0.487125
145014,0.7,1.9,0.498597,0.778623,0.607912,0.403208
113044,0.5,1.5,0.298796,0.830648,0.439498,0.625625
113044,0.55,1.6,0.328121,0.792124,0.464028,0.63875
113044,0.6,1.7,0.355926,0.759359,0.484675,0.626417
113044,0.6,1.8,0.359577,0.745739,0.485201,0.563084
113044,0.65,1.85,0.369972,0.720134,0.488814,0.658167
113044,0.7,1.9,0.380345,0.699121,0.492665,0.460416
374067,0.5,1.5,0.315317,0.61157,0.416099,0.482875
374067,0.55,1.6,0.331735,0.561129,0.416964,0.472833
374067,0.6,1.7,0.341522,0.502152,0.406545,0.449333
374067,0.6,1.8,0.351558,0.475838,0.404364,0.417833
374067,0.65,1.85,0.371488,0.453333,0.40835,0.364666
374067,0.7,1.9,0.381582,0.42328,0.401351,0.371375
41004,0.5,1.5,0.460876,0.6931,0.553622,0.379458
41004,0.55,1.6,0.503246,0.671315,0.575256,0.361292
41004,0.6,1.7,0.524206,0.659284,0.584036,0.333792
41004,0.6,1.8,0.543037,0.636587,0.586103,0.632292
41004,0.65,1.85,0.559241,0.620819,0.588423,0.373959
41004,0.7,1.9,0.597848,0.607875,0.60282,0.315042
109034,0.5,1.5,0.14671,0.805157,0.248196,0.615625
109034,0.55,1.6,0.160411,0.772791,0.265675,0.593458
109034,0.6,1.7,0.171991,0.726616,0.278145,0.576084
109034,0.6,1.8,0.173926,0.688855,0.277729,0.500416
109034,0.65,1.85,0.183878,0.678498,0.289342,0.557375
109034,0.7,1.9,0.189037,0.65185,0.29308,0.490209
35008,0.5,1.5,0.728118,0.469084,0.570578,0.319125
35008,0.55,1.6,0.734515,0.445257,0.554426,0.316667
35008,0.6,1.7,0.743456,0.437757,0.551049,0.28625
35008,0.6,1.8,0.764471,0.420379,0.542461,0.260875
35008,0.65,1.85,0.770691,0.412238,0.537155,0.27175
35008,0.7,1.9,0.782012,0.401628,0.530699,0.255083
246016,0.5,1.5,0.596431,0.478219,0.530824,0.315041
246016,0.55,1.6,0.602819,0.471489,0.529127,0.317208
246016,0.6,1.7,0.62255,0.454425,0.525365,0.3455
246016,0.6,1.8,0.628226,0.448914,0.523645,0.30275
246016,0.65,1.85,0.631811,0.441229,0.519596,0.291792
246016,0.7,1.9,0.643024,0.422787,0.510151,0.26375
135069,0.5,1.5,0.993237,0.714564,0.831164,0.127958
135069,0.55,1.6,0.994432,0.695102,0.818251,0.116
135069,0.6,1.7,0.994426,0.694453,0.8178,0.1255
135069,0.6,1.8,0.994426,0.694453,0.8178,0.106708
135069,0.65,1.85,0.995342,0.693156,0.817208,0.164208
135069,0.7,1.9,0.996269,0.692832,0.817295,0.108416
225017,0.5,1.5,0.26364,0.904315,0.408258,0.445917
225017,0.55,1.6,0.270725,0.898889,0.416123,0.567709
225017,0.6,1.7,0.280124,0.892774,0.426444,0.584459
225017,0.6,1.8,0.281368,0.877788,0.42614,0.539083
225017,0.65,1.85,0.286387,0.869348,0.430843,0.548042
225017,0.7,1.9,0.294699,0.860822,0.43908,0.527625
361084,0.5,1.5,0.635709,0.817909,0.71539,0.517042
361084,0.55,1.6,0.660641,0.786645,0.718158,0.516125
361084,0.6,1.7,0.678672,0.7623,0.718059,0.468083
361084,0.6,1.8,0.678934,0.744948,0.710411,0.560167
361084,0.65,1.85,0.696728,0.73111,0.713505,0.504916
361084,0.7,1.9,0.717433,0.719981,0.718705,0.428958
61060,0.5,1.5,0.206224,0.910539,0.336285,0.509084
61060,0.55,1.6,0.213197,0.895833,0.344425,0.450083
61060,0.6,1.7,0.215795,0.880668,0.346649,0.431625
61060,0.6,1.8,0.215795,0.880668,0.346649,0.427125
61060,0.65,1.85,0.215873,0.866268,0.345618,0.370792
61060,0.7,1.9,0.217237,0.86106,0.346943,0.356334
253036,0.5,1.5,0.989338,0.546052,0.703704,0.224917
253036,0.55,1.6,0.997671,0.527713,0.690297,0.319666
253036,0.6,1.7,1,0.519639,0.683898,0.203833
253036,0.6,1.8,1,0.519639,0.683898,0.172542
253036,0.65,1.85,1,0.511564,0.676867,0.175292
253036,0.7,1.9,1,0.493226,0.660618,0.164917
65010,0.5,1.5,0.444127,0.81388,0.574664,0.556041
65010,0.55,1.6,0.458428,0.798374,0.582426,0.544791
65010,0.6,1.7,0.47556,0.783712,0.591933,0.561875
65010,0.6,1.8,0.489678,0.770427,0.598778,0.499875
65010,0.65,1.85,0.496645,0.759586,0.600597,0.49125
65010,0.7,1.9,0.509584,0.735904,0.602181,0.810041
105019,0.5,1.5,0.476337,0.735058,0.57807,0.347542
105019,0.55,1.6,0.645649,0.692484,0.668247,0.361625
105019,0.6,1.7,0.736804,0.662846,0.697871,0.331083
105019,0.6,1.8,0.834918,0.632717,0.719888,0.280667
105019,0.65,1.85,0.871117,0.587686,0.701868,0.270875
105019,0.7,1.9,0.890496,0.564598,0.691051,0.254084
90076,0.5,1.5,0.590783,0.731411,0.653618,0.339791
90076,0.55,1.6,0.599251,0.698831,0.645222,0.298709
90076,0.6,1.7,0.613276,0.686984,0.648041,0.377083
90076,0.6,1.8,0.631822,0.671317,0.650971,0.300292
90076,0.65,1.85,0.635998,0.665394,0.650364,0.277042
90076,0.7,1.9,0.639705,0.662042,0.650682,0.295666
42078,0.5,1.5,0.36405,0.857747,0.511153,0.443167
42078,0.55,1.6,0.389413,0.853222,0.53476,0.478458
42078,0.6,1.7,0.413382,0.84909,0.556049,0.367166
42078,0.6,1.8,0.418253,0.847122,0.56001,0.4385
42078,0.65,1.85,0.426729,0.83335,0.564432,0.41825
42078,0.7,1.9,0.441459,0.824201,0.574958,0.470334
42044,0.5,1.5,0.364844,0.841279,0.508963,0.4885
42044,0.55,1.6,0.36604,0.837928,0.509507,0.458333
42044,0.6,1.7,0.368703,0.835276,0.511585,0.446167
42044,0.6,1.8,0.3685,0.825993,0.509636,0.481583
42044,0.65,1.85,0.36974,0.824876,0.510607,0.452959
42044,0.7,1.9,0.370582,0.822643,0.51098,0.455125
156079,0.5,1.5,0.410483,0.681586,0.512384,0.573959
156079,0.55,1.6,0.412263,0.654497,0.505877,0.508708
156079,0.6,1.7,0.419067,0.625252,0.501805,0.59175
156079,0.6,1.8,0.422463,0.610301,0.4993,0.476292
156079,0.65,1.85,0.427109,0.60224,0.499776,0.547625
156079,0.7,1.9,0.431297,0.581666,0.495321,0.485459
188063,0.5,1.5,0.361151,0.709331,0.478618,0.370708
188063,0.55,1.6,0.374866,0.698689,0.487939,0.363583
188063,0.6,1.7,0.392038,0.669042,0.494383,0.388792
188063,0.6,1.8,0.403098,0.650228,0.497673,0.315375
188063,0.65,1.85,0.411389,0.630844,0.498012,0.323875
188063,0.7,1.9,0.423686,0.609844,0.5,0.349541
126039,0.5,1.5,0.77913,0.446974,0.568061,0.31075
126039,0.55,1.6,0.816978,0.410391,0.54634,0.316542
126039,0.6,1.7,0.832235,0.382566,0.524176,0.543666
126039,0.6,1.8,0.830013,0.361762,0.503899,0.26275
126039,0.65,1.85,0.840727,0.352265,0.496497,0.248583
126039,0.7,1.9,0.856346,0.340551,0.48731,0.237084
28075,0.5,1.5,0.360373,0.650834,0.463887,0.482917
28075,0.55,1.6,0.380903,0.579212,0.459577,0.407541
28075,0.6,1.7,0.411881,0.523051,0.460857,0.327708
28075,0.6,1.8,0.431204,0.481606,0.455013,0.310583
28075,0.65,1.85,0.459574,0.465866,0.462698,0.349542
28075,0.7,1.9,0.498184,0.434386,0.464103,0.286333
55075,0.5,1.5,0.395911,0.863674,0.542938,0.602792
55075,0.55,1.6,0.415639,0.82322,0.552383,0.794625
55075,0.6,1.7,0.439154,0.791853,0.564977,0.56525
55075,0.6,1.8,0.455584,0.760114,0.569707,0.534125
55075,0.65,1.85,0.483196,0.733734,0.582675,0.495458
55075,0.7,1.9,0.501943,0.716443,0.590311,0.441292
122048,0.5,1.5,0.388994,0.790618,0.521435,0.480125
122048,0.55,1.6,0.398563,0.778805,0.527283,0.437584
122048,0.6,1.7,0.399372,0.755181,0.52245,0.47975
122048,0.6,1.8,0.399291,0.729531,0.516104,0.450583
122048,0.65,1.85,0.40426,0.727641,0.519756,0.504709
122048,0.7,1.9,0.411508,0.718326,0.523257,0.333042
163014,0.5,1.5,0.440389,0.791142,0.565817,0.397
163014,0.55,1.6,0.455721,0.720123,0.558195,0.442292
163014,0.6,1.7,0.492002,0.688637,0.573944,0.429333
163014,0.6,1.8,0.506978,0.65834,0.572829,0.331417
163014,0.65,1.85,0.523821,0.620067,0.567895,0.371417
163014,0.7,1.9,0.52828,0.578366,0.552189,0.320084
181091,0.5,1.5,0.287084,0.815164,0.424624,0.610166
181091,0.55,1.6,0.31346,0.790997,0.448992,0.529583
181091,0.6,1.7,0.342841,0.774067,0.475208,0.493458
181091,0.6,1.8,0.359597,0.758133,0.487814,0.512375
181091,0.65,1.85,0.38166,0.741402,0.503915,0.469292
181091,0.7,1.9,0.391955,0.714845,0.506301,0.402041
170054,0.5,1.5,0.506631,0.803864,0.62154,0.783833
170054,0.55,1.6,0.529439,0.764211,0.625521,0.430583
170054,0.6,1.7,0.556761,0.738857,0.635013,0.422417
170054,0.6,1.8,0.564201,0.730592,0.636705,0.398542
170054,0.65,1.85,0.57031,0.723696,0.637912,0.392334
170054,0.7,1.9,0.580903,0.708889,0.638546,0.417625
301007,0.5,1.5,0.428753,0.807213,0.56004,0.819125
301007,0.55,1.6,0.436216,0.790199,0.562122,0.554667
301007,0.6,1.7,0.439051,0.768033,0.558711,0.555792
301007,0.6,1.8,0.446321,0.765117,0.563773,0.494875
301007,0.65,1.85,0.448828,0.755611,0.563149,0.49275
301007,0.7,1.9,0.455881,0.74347,0.565196,0.53125
12074,0.5,1.5,0.415395,0.66394,0.511051,0.380833
12074,0.55,1.6,0.422714,0.656152,0.514178,0.418917
12074,0.6,1.7,0.428338,0.638295,0.512652,0.351708
12074,0.6,1.8,0.435592,0.62618,0.51378,0.351542
12074,0.65,1.85,0.440658,0.619493,0.514992,0.362875
12074,0.7,1.9,0.445365,0.617212,0.517393,0.429
247085,0.5,1.5,0.46504,0.667983,0.548337,0.563833
247085,0.55,1.6,0.479274,0.612188,0.537638,0.638833
247085,0.6,1.7,0.493663,0.577792,0.532425,0.496584
247085,0.6,1.8,0.507465,0.554142,0.529777,0.602542
247085,0.65,1.85,0.519524,0.52117,0.520346,0.495083
247085,0.7,1.9,0.524502,0.490035,0.506683,0.524209
293029,0.5,1.5,0.31196,0.781068,0.445847,0.570041
293029,0.55,1.6,0.334095,0.756749,0.463542,0.582875
293029,0.6,1.7,0.377101,0.729694,0.497235,0.546417
293029,0.6,1.8,0.40307,0.696397,0.510605,0.452583
293029,0.65,1.85,0.437702,0.669045,0.529195,0.50175
293029,0.7,1.9,0.465321,0.649839,0.542315,0.426917
176035,0.5,1.5,0.671529,0.553203,0.60665,0.364709
176035,0.55,1.6,0.695274,0.52733,0.599767,0.327709
176035,0.6,1.7,0.702296,0.49118,0.578065,0.56725
176035,0.6,1.8,0.714955,0.475942,0.571464,0.457916
176035,0.65,1.85,0.736172,0.46413,0.569323,0.387583
176035,0.7,1.9,0.760875,0.458813,0.57244,0.262917
80099,0.5,1.5,0.360881,0.627716,0.458287,0.315833
80099,0.55,1.6,0.401512,0.548628,0.463681,0.2785
80099,0.6,1.7,0.442116,0.529925,0.482055,0.273
80099,0.6,1.8,0.478065,0.510509,0.493755,0.219708
80099,0.65,1.85,0.491173,0.500534,0.495809,0.321375
80099,0.7,1.9,0.491238,0.47435,0.482646,0.227625
159029,0.5,1.5,0.314106,0.896714,0.465244,0.858208
159029,0.55,1.6,0.32319,0.884583,0.473414,0.650875
159029,0.6,1.7,0.328546,0.869756,0.476933,0.752583
159029,0.6,1.8,0.331584,0.855434,0.477918,0.584417
159029,0.65,1.85,0.330508,0.83016,0.472788,10.5835
159029,0.7,1.9,0.336622,0.818366,0.477026,0.576334
24063,0.5,1.5,0.918785,0.434711,0.590185,0.205208
24063,0.55,1.6,0.924303,0.391874,0.550397,0.177292
24063,0.6,1.7,0.919798,0.362343,0.519884,0.173583
24063,0.6,1.8,0.919798,0.362343,0.519884,0.189375
24063,0.65,1.85,0.921551,0.360279,0.518033,0.1825
24063,0.7,1.9,0.924968,0.358785,0.517022,0.161458
183055,0.5,1.5,0.734676,0.605048,0.663591,0.34675
183055,0.55,1.6,0.758391,0.582734,0.659059,0.411125
183055,0.6,1.7,0.764241,0.536581,0.630489,0.45675
183055,0.6,1.8,0.764289,0.519327,0.618434,0.260042
183055,0.65,1.85,0.780107,0.505914,0.61378,0.266542
183055,0.7,1.9,0.798129,0.488843,0.606322,0.2615
2092,0.5,1.5,0.625903,0.550054,0.585532,0.343583
2092,0.55,1.6,0.641813,0.524027,0.57697,0.309958
2092,0.6,1.7,0.687916,0.485685,0.569377,0.301458
2092,0.6,1.8,0.717133,0.459151,0.559851,0.549708
2092,0.65,1.85,0.738486,0.439726,0.551227,0.28575
2092,0.7,1.9,0.746856,0.403415,0.523864,0.375041
181079,0.5,1.5,0.466582,0.739239,0.572084,0.45725
181079,0.55,1.6,0.497864,0.718605,0.588207,0.463375
181079,0.6,1.7,0.509508,0.684691,0.58425,0.460334
181079,0.6,1.8,0.52334,0.673367,0.588949,0.431042
181079,0.65,1.85,0.536262,0.662872,0.592883,0.444667
181079,0.7,1.9,0.536385,0.6455,0.585905,0.342417
92059,0.5,1.5,0.241529,0.792854,0.370264,0.51975
92059,0.55,1.6,0.248363,0.774658,0.376134,0.544167
92059,0.6,1.7,0.254296,0.741973,0.378775,1.25071
92059,0.6,1.8,0.260389,0.731517,0.384067,0.48325
92059,0.65,1.85,0.261934,0.709287,0.382583,0.572625
92059,0.7,1.9,0.26893,0.688045,0.38671,0.482375
108073,0.5,1.5,0.321706,0.859305,0.468147,0.562417
108073,0.55,1.6,0.340665,0.840671,0.484853,0.543791
108073,0.6,1.7,0.362363,0.802195,0.499221,9.49071
108073,0.6,1.8,0.37534,0.782777,0.507388,0.646458
108073,0.65,1.85,0.378757,0.765348,0.506738,0.442958
108073,0.7,1.9,0.385629,0.73628,0.506156,0.516042
153077,0.5,1.5,0.539276,0.644038,0.587019,0.464333
153077,0.55,1.6,0.550788,0.635921,0.590301,0.520333
153077,0.6,1.7,0.570382,0.612751,0.590808,0.409416
153077,0.6,1.8,0.587763,0.604388,0.595959,0.383917
153077,0.65,1.85,0.601372,0.590663,0.59597,0.402125
153077,0.7,1.9,0.613708,0.580529,0.596658,0.352334
23080,0.5,1.5,0.717774,0.689525,0.703366,0.382959
23080,0.55,1.6,0.726266,0.649294,0.685627,0.3945
23080,0.6,1.7,0.745052,0.624091,0.679228,0.353959
23080,0.6,1.8,0.761371,0.60489,0.674169,0.334334
23080,0.65,1.85,0.790048,0.581316,0.669797,0.326334
23080,0.7,1.9,0.797575,0.567482,0.663136,0.47725
365025,0.5,1.5,0.594854,0.561797,0.577853,0.482208
365025,0.55,1.6,0.606206,0.520416,0.560045,0.440291
365025,0.6,1.7,0.633909,0.487601,0.551212,0.432625
365025,0.6,1.8,0.627431,0.454686,0.52727,0.454
365025,0.65,1.85,0.64293,0.440145,0.522554,0.361
365025,0.7,1.9,0.665908,0.408127,0.506082,0.373541
